timestamp,username
2024-05-02T05:27:04.297842,lisa99
2024-04-29T14:34:14.297842,mary59
2024-04-29T10:28:13.297842,mary59
2024-05-04T21:30:37.297842,colecory
2024-05-15T18:44:58.297842,mary59
2024-04-22T14:06:26.297842,tammy79
2024-04-20T14:33:50.297842,lisa99
2024-04-19T02:00:29.297842,colecory
2024-04-24T04:11:05.297842,yhiggins
2024-05-04T13:18:41.297842,colecory
2024-04-24T09:46:35.297842,williammichael
2024-04-26T14:04:53.297842,gloriacastro
2024-04-27T04:32:39.297842,lisa99
2024-04-26T22:40:22.297842,colecory
2024-05-07T17:04:28.297842,wagnerduane
2024-05-16T05:24:57.297842,wagnerduane
2024-04-28T23:40:22.297842,lisa99
2024-04-27T07:31:26.297842,williammichael
2024-05-04T07:33:52.297842,williammichael
2024-05-10T22:50:51.297842,colecory
2024-05-11T02:36:54.297842,williammichael
2024-05-10T18:23:20.297842,tammy79
2024-04-26T01:57:45.297842,colecory
2024-05-03T07:30:22.297842,tammy79
2024-04-27T08:07:47.297842,yhiggins
2024-05-17T18:24:28.297842,richardsondavid
2024-04-28T08:45:51.297842,williammichael
2024-05-10T18:22:42.297842,lisa99
2024-05-17T05:49:20.297842,richardsondavid
2024-04-25T08:04:33.297842,gloriacastro
2024-05-18T07:00:19.297842,richardsondavid
2024-05-05T10:11:14.297842,colecory
2024-04-24T13:35:08.297842,colecory
2024-04-20T13:37:08.297842,richardsondavid
2024-05-07T18:44:46.297842,mary59
2024-04-25T10:02:10.297842,michele50
2024-04-24T00:54:57.297842,williammichael
2024-04-23T15:58:43.297842,michele50
2024-05-01T02:28:02.297842,michele50
2024-05-03T01:59:45.297842,wagnerduane
2024-05-01T18:21:00.297842,richardsondavid
2024-05-10T22:51:03.297842,michele50
2024-04-30T23:59:16.297842,gloriacastro
2024-05-07T09:26:03.297842,colecory
2024-04-28T09:35:38.297842,gloriacastro
2024-04-27T08:00:22.297842,colecory
2024-04-24T09:10:52.297842,tammy79
2024-05-08T16:37:25.297842,wagnerduane
2024-05-01T20:28:22.297842,tammy79
2024-04-21T21:20:30.297842,gloriacastro
